epoch,accuracy,loss,val_accuracy,val_loss
0,0.13948750495910645,1.9466272592544556,0.1428571492433548,1.9459867477416992
1,0.14520806074142456,1.9462186098098755,0.1428571492433548,1.945975422859192
