{
    "angry": {
        "precision": 0.8439201451905626,
        "recall": 0.7815126050420168,
        "f1-score": 0.8115183246073299,
        "support": 595.0
    },
    "disgust": {
        "precision": 0.6506955177743431,
        "recall": 0.7075630252100841,
        "f1-score": 0.677938808373591,
        "support": 595.0
    },
    "fear": {
        "precision": 0.8805970149253731,
        "recall": 0.892436974789916,
        "f1-score": 0.8864774624373957,
        "support": 595.0
    },
    "happy": {
        "precision": 0.8586762075134168,
        "recall": 0.8067226890756303,
        "f1-score": 0.8318890814558059,
        "support": 595.0
    },
    "neutral": {
        "precision": 0.6396103896103896,
        "recall": 0.6621848739495798,
        "f1-score": 0.6507018992568125,
        "support": 595.0
    },
    "sad": {
        "precision": 0.7645875251509054,
        "recall": 0.6386554621848739,
        "f1-score": 0.6959706959706959,
        "support": 595.0
    },
    "surprise": {
        "precision": 0.7601156069364162,
        "recall": 0.8840336134453781,
        "f1-score": 0.8174048174048174,
        "support": 595.0
    },
    "accuracy": 0.7675870348139255,
    "macro avg": {
        "precision": 0.7711717724430581,
        "recall": 0.7675870348139257,
        "f1-score": 0.7674144413580641,
        "support": 4165.0
    },
    "weighted avg": {
        "precision": 0.7711717724430581,
        "recall": 0.7675870348139255,
        "f1-score": 0.767414441358064,
        "support": 4165.0
    }
}